{"ambientocclusion":false,"render_type":"minecraft:cutout","textures":{"particle":"#cross"},"elements":[{"from":[0.8,-1,8],"to":[15.2,15,8],"shade":false,"rotation":{"angle":45,"axis":"y","origin":[8,8,8],"rescale":true},"faces":{"north":{"uv":[0,0,16,16],"texture":"#cross"},"south":{"uv":[0,0,16,16],"texture":"#cross"}}},{"from":[4,-3,0.8],"to":[4,13,15.2],"shade":false,"rotation":{"angle":22.5,"axis":"z","origin":[4,-2,8]},"faces":{"east":{"uv":[0,0,16,16],"texture":"#cross"},"west":{"uv":[0,0,16,16],"texture":"#cross"}}},{"from":[0.8,-3,12],"to":[15.2,13,12],"shade":false,"rotation":{"angle":22.5,"axis":"x","origin":[8,-2,12]},"faces":{"north":{"uv":[0,0,16,16],"texture":"#cross"},"south":{"uv":[0,0,16,16],"texture":"#cross"}}},{"from":[0.8,-3,4],"to":[15.2,13,4],"shade":false,"rotation":{"angle":-22.5,"axis":"x","origin":[8,-2,4]},"faces":{"north":{"uv":[0,0,16,16],"texture":"#cross"},"south":{"uv":[0,0,16,16],"texture":"#cross"}}},{"from":[12,-3,0.8],"to":[12,13,15.2],"shade":false,"rotation":{"angle":-22.5,"axis":"z","origin":[12,-2,8]},"faces":{"east":{"uv":[0,0,16,16],"texture":"#cross"},"west":{"uv":[0,0,16,16],"texture":"#cross"}}},{"from":[8,-1,0.8],"to":[8,15,15.2],"shade":false,"rotation":{"angle":45,"axis":"y","origin":[8,8,8],"rescale":true},"faces":{"east":{"uv":[0,0,16,16],"texture":"#cross"},"west":{"uv":[0,0,16,16],"texture":"#cross"}}}]}