{"credit":"by Harvel","ambientocclusion":false,"texture_size":[64,64],"textures":{"0":"minecraft:item/name_tag"},"elements":[{"name":"Head","from":[5.5,9.3,2.7],"to":[10.5,14.3,7.7],"rotation":{"angle":0,"axis":"x","origin":[8,-0.2,5.2]},"faces":{"north":{"uv":[6,2,8,4],"texture":"#0"},"east":{"uv":[4,2,6,4],"texture":"#0"},"south":{"uv":[2,2,4,4],"texture":"#0"},"west":{"uv":[0,2,2,4],"texture":"#0"},"up":{"uv":[4,2,2,0],"rotation":180,"texture":"#0"},"down":{"uv":[6,0,4,2],"rotation":180,"texture":"#0"}}},{"name":"Hat Layer","from":[5,9.05,2.2],"to":[11,14.55,8.2],"rotation":{"angle":0,"axis":"x","origin":[8,-0.2,5.2]},"faces":{"north":{"uv":[14,2,16,4],"texture":"#0"},"east":{"uv":[12,2,14,4],"texture":"#0"},"south":{"uv":[10,2,12,4],"texture":"#0"},"west":{"uv":[8,2,10,4],"texture":"#0"},"up":{"uv":[12,2,10,0],"rotation":180,"texture":"#0"},"down":{"uv":[14,0,12,2],"rotation":180,"texture":"#0"}}},{"name":"Body","from":[5.5,1.3,3.7],"to":[10.5,9.3,6.7],"rotation":{"angle":0,"axis":"x","origin":[8,-0.2,5.2]},"faces":{"north":{"uv":[8,5,10,8],"texture":"#0"},"east":{"uv":[7,5,8,8],"texture":"#0"},"south":{"uv":[5,5,7,8],"texture":"#0"},"west":{"uv":[4,5,5,8],"texture":"#0"},"up":{"uv":[7,5,5,4],"rotation":180,"texture":"#0"},"down":{"uv":[9,4,7,5],"rotation":180,"texture":"#0"}}},{"name":"Body Layer","from":[5.25,1.05,3.42],"to":[10.75,9.55,7.02],"rotation":{"angle":0,"axis":"x","origin":[8,-0.2,5.2]},"faces":{"north":{"uv":[8,9,10,12],"texture":"#0"},"east":{"uv":[7,9,8,12],"texture":"#0"},"south":{"uv":[5,9,7,12],"texture":"#0"},"west":{"uv":[4,9,5,12],"texture":"#0"},"up":{"uv":[7,9,5,8],"rotation":180,"texture":"#0"},"down":{"uv":[9,8,7,9],"rotation":180,"texture":"#0"}}},{"name":"Right Arm","from":[3.5,0.57686,7.33549],"to":[5.5,8.57686,10.33549],"rotation":{"angle":-22.5,"axis":"x","origin":[8,-0.2,5.2]},"faces":{"north":{"uv":[12.75,5,13.5,8],"texture":"#0"},"east":{"uv":[11.75,5,12.75,8],"texture":"#0"},"south":{"uv":[11,5,11.75,8],"texture":"#0"},"west":{"uv":[10,5,11,8],"texture":"#0"},"up":{"uv":[11.75,5,11,4],"rotation":180,"texture":"#0"},"down":{"uv":[12.5,4,11.75,5],"rotation":180,"texture":"#0"}}},{"name":"Right Arm Layer","from":[3.25,0.32686,7.08549],"to":[5.75,8.82686,10.58549],"rotation":{"angle":-22.5,"axis":"x","origin":[8,-0.2,5.2]},"faces":{"north":{"uv":[12.75,9,13.5,12],"texture":"#0"},"east":{"uv":[11.75,9,12.75,12],"texture":"#0"},"south":{"uv":[11,9,11.75,12],"texture":"#0"},"west":{"uv":[10,9,11,12],"texture":"#0"},"up":{"uv":[11.75,9,11,8],"rotation":180,"texture":"#0"},"down":{"uv":[12.5,8,11.75,9],"rotation":180,"texture":"#0"}}},{"name":"Left Arm","from":[10.5,0.57686,7.33549],"to":[12.5,8.57686,10.33549],"rotation":{"angle":-22.5,"axis":"x","origin":[8,-0.2,5.2]},"faces":{"north":{"uv":[10.75,13,11.5,16],"texture":"#0"},"east":{"uv":[9.75,13,10.75,16],"texture":"#0"},"south":{"uv":[9,13,9.75,16],"texture":"#0"},"west":{"uv":[8,13,9,16],"texture":"#0"},"up":{"uv":[9.75,13,9,12],"rotation":180,"texture":"#0"},"down":{"uv":[10.5,12,9.75,13],"rotation":180,"texture":"#0"}}},{"name":"Left Arm Layer","from":[10.25,0.32686,7.08549],"to":[12.75,8.82686,10.58549],"rotation":{"angle":-22.5,"axis":"x","origin":[8,-0.2,5.2]},"faces":{"north":{"uv":[14.75,13,15.5,16],"texture":"#0"},"east":{"uv":[13.75,13,14.75,16],"texture":"#0"},"south":{"uv":[13,13,13.75,16],"texture":"#0"},"west":{"uv":[12,13,13,16],"texture":"#0"},"up":{"uv":[13.75,13,13,12],"rotation":180,"texture":"#0"},"down":{"uv":[14.5,12,13.75,13],"rotation":180,"texture":"#0"}}},{"name":"Right Leg","from":[6.01997,0.06537,4.69134],"to":[8.01997,3.06537,12.69134],"rotation":{"angle":-22.5,"axis":"y","origin":[8,-0.2,5.2]},"faces":{"north":{"uv":[2,5,1,4],"texture":"#0"},"east":{"uv":[2,5,3,8],"rotation":90,"texture":"#0"},"south":{"uv":[3,4,2,5],"rotation":180,"texture":"#0"},"west":{"uv":[0,5,1,8],"rotation":270,"texture":"#0"},"up":{"uv":[1,5,2,8],"texture":"#0"},"down":{"uv":[3,5,4,8],"rotation":180,"texture":"#0"}}},{"name":"Right Leg Layer","from":[5.76997,-0.18463,4.44134],"to":[8.26997,3.31537,12.94134],"rotation":{"angle":-22.5,"axis":"y","origin":[8,-0.2,5.2]},"faces":{"north":{"uv":[2,9,1,8],"texture":"#0"},"east":{"uv":[2,9,3,12],"rotation":90,"texture":"#0"},"south":{"uv":[3,8,2,9],"rotation":180,"texture":"#0"},"west":{"uv":[0,9,1,12],"rotation":270,"texture":"#0"},"up":{"uv":[1,9,2,12],"texture":"#0"},"down":{"uv":[3,9,4,12],"rotation":180,"texture":"#0"}}},{"name":"Left Leg","from":[7.98003,0.06537,4.69134],"to":[9.98003,3.06537,12.69134],"rotation":{"angle":22.5,"axis":"y","origin":[8,-0.2,5.2]},"faces":{"north":{"uv":[6,13,5,12],"texture":"#0"},"east":{"uv":[6,13,7,16],"rotation":90,"texture":"#0"},"south":{"uv":[7,12,6,13],"rotation":180,"texture":"#0"},"west":{"uv":[4,13,5,16],"rotation":270,"texture":"#0"},"up":{"uv":[5,13,6,16],"texture":"#0"},"down":{"uv":[7,13,8,16],"rotation":180,"texture":"#0"}}},{"name":"Left Leg Layer","from":[7.73003,-0.18463,4.44134],"to":[10.23003,3.31537,12.94134],"rotation":{"angle":22.5,"axis":"y","origin":[8,-0.2,5.2]},"faces":{"north":{"uv":[2,13,1,12],"texture":"#0"},"east":{"uv":[2,13,3,16],"rotation":90,"texture":"#0"},"south":{"uv":[3,12,2,13],"rotation":180,"texture":"#0"},"west":{"uv":[0,13,1,16],"rotation":270,"texture":"#0"},"up":{"uv":[1,13,2,16],"texture":"#0"},"down":{"uv":[3,13,4,16],"rotation":180,"texture":"#0"}}}],"display":{"thirdperson_righthand":{"translation":[0,2.75,0.6956],"scale":[0.339,0.3043,0.3043]},"thirdperson_lefthand":{"translation":[0,2.5,0.6956],"scale":[0.339,0.3043,0.3043]},"firstperson_righthand":{"rotation":[0,-45,0],"translation":[-1.391,2.7882,-0.25],"scale":[0.3389,0.3738,0.4521]},"firstperson_lefthand":{"rotation":[0,-34.5,0],"translation":[5,0,-7],"scale":[0.6,0.6,0.6]},"ground":{"translation":[0,4.5,0]},"gui":{"rotation":[8,15,0],"translation":[0,0.75,0]},"head":{"rotation":[0,-180,0],"translation":[0,14.5,0]},"fixed":{"rotation":[-90,0,0],"translation":[0,0,-9],"scale":[1.2,1.2,1.2]}},"groups":[{"name":"Head","origin":[0,24,0],"color":0,"nbt":"{}","children":[0,1]},{"name":"Body","origin":[0,24,0],"color":0,"nbt":"{}","children":[2,3]},{"name":"RightArm","origin":[5,22,0],"color":0,"nbt":"{}","children":[4,5]},{"name":"LeftArm","origin":[-5,22,0],"color":0,"nbt":"{}","children":[6,7]},{"name":"RightLeg","origin":[1.9,12,0],"color":0,"nbt":"{}","children":[8,9]},{"name":"LeftLeg","origin":[-1.9,12,0],"color":0,"nbt":"{}","children":[10,11]}]}