{"providers":[{"type":"bitmap","file":"goldenmc:icons/chat.png","ascent":7,"chars":["",""]},{"type":"bitmap","file":"goldenmc:icons/chat.png","ascent":7,"chars":["◇🍖◎☆☠✎🛡⸘✉☄⌚","⏳☷🧪"]},{"type":"bitmap","file":"goldenmc:icons/group.png","ascent":7,"chars":[""]},{"type":"bitmap","file":"goldenmc:icons/group.png","ascent":7,"chars":["🔱🗡🔥🎣⭐☀"]},{"type":"bitmap","file":"goldenmc:gui/menu_plate.png","ascent":-8,"height":32,"chars":[""]},{"type":"bitmap","file":"goldenmc:gui/logo.png","ascent":32,"height":52,"chars":[""]},{"type":"bitmap","file":"goldenmc:gui/logo.png","ascent":32,"height":48,"chars":[""]},{"type":"bitmap","file":"goldenmc:gui/everlasting_logo.png","ascent":32,"height":48,"chars":[""]},{"type":"bitmap","file":"goldenmc:gui/evergreen_logo.png","ascent":32,"height":48,"chars":[""]},{"type":"space","advances":{"󏾊":-118,"󏾛":-101,"󏿞":-34,"󏿥":-27,"󏿦":-26}}]}