{"variants":{"age=0":{"model":"farmersdelight:block/cabbages_stage0"},"age=1":{"model":"farmersdelight:block/cabbages_stage1"},"age=2":{"model":"farmersdelight:block/cabbages_stage2"},"age=3":{"model":"farmersdelight:block/cabbages_stage3"},"age=4":{"model":"farmersdelight:block/cabbages_stage4"},"age=5":{"model":"farmersdelight:block/cabbages_stage5"},"age=6":{"model":"farmersdelight:block/cabbages_stage6"},"age=7":[{"model":"farmersdelight:block/cabbages_stage7"},{"model":"farmersdelight:block/cabbages_stage7a"},{"model":"farmersdelight:block/cabbages_stage7b"}]}}