{"variants":{"age=0":{"model":"farmersdelight:block/onions_stage0"},"age=1":{"model":"farmersdelight:block/onions_stage0"},"age=2":{"model":"farmersdelight:block/onions_stage1"},"age=3":{"model":"farmersdelight:block/onions_stage1"},"age=4":{"model":"farmersdelight:block/onions_stage2"},"age=5":{"model":"farmersdelight:block/onions_stage2"},"age=6":[{"model":"farmersdelight:block/onions_stage2"},{"model":"farmersdelight:block/onions_stage2a"}],"age=7":[{"model":"farmersdelight:block/onions_stage3"},{"model":"farmersdelight:block/onions_stage3a"},{"model":"farmersdelight:block/onions_stage3b"}]}}