{"elements":[{"from":[8,-1,0],"to":[8,15,16],"shade":false,"rotation":{"angle":-45,"axis":"y","origin":[8,7,8]},"faces":{"east":{"uv":[16,0,0,16],"texture":"#crop"},"west":{"uv":[0,0,16,16],"texture":"#crop"}}},{"from":[8,-1,0],"to":[8,15,16],"shade":false,"rotation":{"angle":45,"axis":"y","origin":[8,7,8]},"faces":{"east":{"uv":[16,0,0,16],"texture":"#crop"},"west":{"uv":[0,0,16,16],"texture":"#crop"}}},{"from":[12.5,-1,0],"to":[12.5,15,16],"shade":false,"rotation":{"angle":-22.5,"axis":"z","origin":[12.5,0,8]},"faces":{"east":{"uv":[0,0,16,16],"texture":"#crop"},"west":{"uv":[16,0,0,16],"texture":"#crop"}}},{"from":[3.5,-1,0],"to":[3.5,15,16],"shade":false,"rotation":{"angle":22.5,"axis":"z","origin":[3.5,0,8]},"faces":{"east":{"uv":[0,0,16,16],"texture":"#crop"},"west":{"uv":[16,0,0,16],"texture":"#crop"}}},{"from":[0,-1,12.5],"to":[16,15,12.5],"shade":false,"rotation":{"angle":22.5,"axis":"x","origin":[8,0,12.5]},"faces":{"north":{"uv":[16,0,0,16],"texture":"#crop"},"south":{"uv":[0,0,16,16],"texture":"#crop"}}},{"from":[0,-1,3.5],"to":[16,15,3.5],"shade":false,"rotation":{"angle":-22.5,"axis":"x","origin":[8,0,3.5]},"faces":{"north":{"uv":[16,0,0,16],"texture":"#crop"},"south":{"uv":[0,0,16,16],"texture":"#crop"}}}],"ambientocclusion":false,"textures":{"particle":"#crop"}}