{"ambientocclusion":false,"textures":{"particle":"#stem"},"elements":[{"from":[0,-1,8],"to":[16,9,8],"shade":false,"rotation":{"origin":[8,8,8],"axis":"y","angle":45},"faces":{"north":{"uv":[0,0,16,10],"texture":"#stem","tintindex":0},"south":{"uv":[16,0,0,10],"texture":"#stem","tintindex":0}}},{"from":[8,-1,0],"to":[8,9,16],"shade":false,"rotation":{"origin":[8,8,8],"axis":"y","angle":45},"faces":{"west":{"uv":[0,0,16,10],"texture":"#stem","tintindex":0},"east":{"uv":[16,0,0,10],"texture":"#stem","tintindex":0}}}]}