{"ambientocclusion":false,"textures":{"particle":"#crop"},"elements":[{"from":[5,-1,0],"to":[5,31,16],"shade":false,"rotation":{"angle":22.5,"axis":"z","origin":[5,0,8]},"faces":{"east":{"uv":[8,0,0,16],"texture":"#crop"},"west":{"uv":[0,0,8,16],"texture":"#crop"}}},{"from":[0,-1,8],"to":[16,31,8],"shade":false,"rotation":{"angle":-45,"axis":"y","origin":[8,15,8]},"faces":{"north":{"uv":[8,0,0,16],"texture":"#crop"},"south":{"uv":[0,0,8,16],"texture":"#crop"}}},{"from":[0,-1,8],"to":[16,31,8],"shade":false,"rotation":{"angle":45,"axis":"y","origin":[8,15,8]},"faces":{"north":{"uv":[8,0,0,16],"texture":"#crop"},"south":{"uv":[0,0,8,16],"texture":"#crop"}}},{"from":[11,-1,0],"to":[11,31,16],"shade":false,"rotation":{"angle":-22.5,"axis":"z","origin":[11,0,8]},"faces":{"east":{"uv":[0,0,8,16],"texture":"#crop"},"west":{"uv":[8,0,0,16],"texture":"#crop"}}},{"from":[0,-1,5],"to":[16,31,5],"shade":false,"rotation":{"angle":-22.5,"axis":"x","origin":[8,0,5]},"faces":{"north":{"uv":[0,0,8,16],"texture":"#crop"},"south":{"uv":[8,0,0,16],"texture":"#crop"}}},{"from":[0,-1,11],"to":[16,31,11],"shade":false,"rotation":{"angle":22.5,"axis":"x","origin":[8,0,11]},"faces":{"north":{"uv":[8,0,0,16],"texture":"#crop"},"south":{"uv":[0,0,8,16],"texture":"#crop"}}}]}