{"ambientocclusion":false,"textures":{"particle":"#crop"},"elements":[{"from":[4,-1,0],"to":[4,31,16],"shade":false,"rotation":{"angle":0,"axis":"z","origin":[4,0,8]},"faces":{"east":{"uv":[8,0,0,16],"texture":"#crop"},"west":{"uv":[0,0,8,16],"texture":"#crop"}}},{"from":[0,-1,8],"to":[16,31,8],"shade":false,"rotation":{"angle":-45,"axis":"y","origin":[8,15,8],"rescale":true},"faces":{"north":{"uv":[8,0,0,16],"texture":"#crop"},"south":{"uv":[0,0,8,16],"texture":"#crop"}}},{"from":[0,-1,8],"to":[16,31,8],"shade":false,"rotation":{"angle":45,"axis":"y","origin":[8,15,8],"rescale":true},"faces":{"north":{"uv":[8,0,0,16],"texture":"#crop"},"south":{"uv":[0,0,8,16],"texture":"#crop"}}},{"from":[12,-1,0],"to":[12,31,16],"shade":false,"rotation":{"angle":0,"axis":"z","origin":[12,0,8]},"faces":{"east":{"uv":[0,0,8,16],"texture":"#crop"},"west":{"uv":[8,0,0,16],"texture":"#crop"}}},{"from":[0,-1,4],"to":[16,31,4],"shade":false,"rotation":{"angle":0,"axis":"x","origin":[8,0,4]},"faces":{"north":{"uv":[0,0,8,16],"texture":"#crop"},"south":{"uv":[8,0,0,16],"texture":"#crop"}}},{"from":[0,-1,12],"to":[16,31,12],"shade":false,"rotation":{"angle":0,"axis":"x","origin":[8,0,12]},"faces":{"north":{"uv":[8,0,0,16],"texture":"#crop"},"south":{"uv":[0,0,8,16],"texture":"#crop"}}}]}