{"display":{"thirdperson_righthand":{"translation":[0,3,0.6956],"scale":[0.339,0.3043,0.3043]},"thirdperson_lefthand":{"translation":[0,3,0.6956],"scale":[0.339,0.3043,0.3043]},"firstperson_righthand":{"rotation":[0,-45,0],"translation":[-1.391,2.7882,0],"scale":[0.3389,0.3738,0.4521]},"firstperson_lefthand":{"rotation":[0,-45,0],"translation":[-1.391,2.7882,0],"scale":[0.3389,0.3738,0.4521]},"ground":{"translation":[0,5.5652,0]},"gui":{"rotation":[10,19,0],"translation":[0,-1.5,0],"scale":[0.4434,0.478,0.72012]},"head":{"rotation":[0,-180,0],"translation":[0,15.25,0]},"fixed":{"rotation":[-90,0,0],"translation":[0,3,-20.25],"scale":[2.51183,2.54174,2.4792]}},"ambientocclusion":false,"texture_size":[64,64],"textures":{"0":"goldenmc:item/skins/barsi-chan"},"elements":[{"name":"Head","from":[5.5,16,5.5],"to":[10.5,21,10.5],"rotation":{"angle":0,"axis":"x","origin":[9,0,8]},"faces":{"north":{"uv":[6,2,8,4],"texture":"#0"},"east":{"uv":[4,2,6,4],"texture":"#0"},"south":{"uv":[2,2,4,4],"texture":"#0"},"west":{"uv":[0,2,2,4],"texture":"#0"},"up":{"uv":[4,2,2,0],"rotation":180,"texture":"#0"},"down":{"uv":[6,0,4,2],"rotation":180,"texture":"#0"}}},{"name":"Hat Layer","from":[5,15.75,5],"to":[11,21.25,11],"rotation":{"angle":0,"axis":"x","origin":[9,0,8]},"faces":{"north":{"uv":[14,2,16,4],"texture":"#0"},"east":{"uv":[12,2,14,4],"texture":"#0"},"south":{"uv":[10,2,12,4],"texture":"#0"},"west":{"uv":[8,2,10,4],"texture":"#0"},"up":{"uv":[12,2,10,0],"rotation":180,"texture":"#0"},"down":{"uv":[14,0,12,2],"rotation":180,"texture":"#0"}}},{"name":"Body","from":[5.5,8,6.5],"to":[10.5,16,9.5],"rotation":{"angle":0,"axis":"x","origin":[9,0,8]},"faces":{"north":{"uv":[8,5,10,8],"texture":"#0"},"east":{"uv":[7,5,8,8],"texture":"#0"},"south":{"uv":[5,5,7,8],"texture":"#0"},"west":{"uv":[4,5,5,8],"texture":"#0"},"up":{"uv":[7,5,5,4],"rotation":180,"texture":"#0"},"down":{"uv":[9,4,7,5],"rotation":180,"texture":"#0"}}},{"name":"Body Layer","from":[5.25,7.75,6.22],"to":[10.75,16.25,9.82],"rotation":{"angle":0,"axis":"x","origin":[9,0,8]},"faces":{"north":{"uv":[8,9,10,12],"texture":"#0"},"east":{"uv":[7,9,8,12],"texture":"#0"},"south":{"uv":[5,9,7,12],"texture":"#0"},"west":{"uv":[4,9,5,12],"texture":"#0"},"up":{"uv":[7,9,5,8],"rotation":180,"texture":"#0"},"down":{"uv":[9,8,7,9],"rotation":180,"texture":"#0"}}},{"name":"Right Arm","from":[3.5,8,6.5],"to":[5.5,16,9.5],"rotation":{"angle":0,"axis":"x","origin":[9,0,8]},"faces":{"north":{"uv":[12.75,5,13.5,8],"texture":"#0"},"east":{"uv":[11.75,5,12.75,8],"texture":"#0"},"south":{"uv":[11,5,11.75,8],"texture":"#0"},"west":{"uv":[10,5,11,8],"texture":"#0"},"up":{"uv":[11.75,5,11,4],"rotation":180,"texture":"#0"},"down":{"uv":[12.5,4,11.75,5],"rotation":180,"texture":"#0"}}},{"name":"Right Arm Layer","from":[3.25,7.75,6.25],"to":[5.75,16.25,9.75],"rotation":{"angle":0,"axis":"x","origin":[9,0,8]},"faces":{"north":{"uv":[12.75,9,13.5,12],"texture":"#0"},"east":{"uv":[11.75,9,12.75,12],"texture":"#0"},"south":{"uv":[11,9,11.75,12],"texture":"#0"},"west":{"uv":[10,9,11,12],"texture":"#0"},"up":{"uv":[11.75,9,11,8],"rotation":180,"texture":"#0"},"down":{"uv":[12.5,8,11.75,9],"rotation":180,"texture":"#0"}}},{"name":"Left Arm","from":[10.5,8,6.5],"to":[12.5,16,9.5],"rotation":{"angle":0,"axis":"x","origin":[9,0,8]},"faces":{"north":{"uv":[10.75,13,11.5,16],"texture":"#0"},"east":{"uv":[9.75,13,10.75,16],"texture":"#0"},"south":{"uv":[9,13,9.75,16],"texture":"#0"},"west":{"uv":[8,13,9,16],"texture":"#0"},"up":{"uv":[9.75,13,9,12],"rotation":180,"texture":"#0"},"down":{"uv":[10.5,12,9.75,13],"rotation":180,"texture":"#0"}}},{"name":"Left Arm Layer","from":[10.25,7.75,6.25],"to":[12.75,16.25,9.75],"rotation":{"angle":0,"axis":"x","origin":[9,0,8]},"faces":{"north":{"uv":[14.75,13,15.5,16],"texture":"#0"},"east":{"uv":[13.75,13,14.75,16],"texture":"#0"},"south":{"uv":[13,13,13.75,16],"texture":"#0"},"west":{"uv":[12,13,13,16],"texture":"#0"},"up":{"uv":[13.75,13,13,12],"rotation":180,"texture":"#0"},"down":{"uv":[14.5,12,13.75,13],"rotation":180,"texture":"#0"}}},{"name":"Right Leg","from":[5.75,0,6.5],"to":[7.75,8,9.5],"rotation":{"angle":0,"axis":"x","origin":[9,0,8]},"faces":{"north":{"uv":[3,5,4,8],"texture":"#0"},"east":{"uv":[2,5,3,8],"texture":"#0"},"south":{"uv":[1,5,2,8],"texture":"#0"},"west":{"uv":[0,5,1,8],"texture":"#0"},"up":{"uv":[2,5,1,4],"rotation":180,"texture":"#0"},"down":{"uv":[3,4,2,5],"rotation":180,"texture":"#0"}}},{"name":"Right Leg Layer","from":[5.5,-0.25,6.25],"to":[8,8.25,9.75],"rotation":{"angle":0,"axis":"x","origin":[9,0,8]},"faces":{"north":{"uv":[3,9,4,12],"texture":"#0"},"east":{"uv":[2,9,3,12],"texture":"#0"},"south":{"uv":[1,9,2,12],"texture":"#0"},"west":{"uv":[0,9,1,12],"texture":"#0"},"up":{"uv":[2,9,1,8],"rotation":180,"texture":"#0"},"down":{"uv":[3,8,2,9],"rotation":180,"texture":"#0"}}},{"name":"Left Leg","from":[8.25,0,6.5],"to":[10.25,8,9.5],"rotation":{"angle":0,"axis":"x","origin":[9,0,8]},"faces":{"north":{"uv":[7,13,8,16],"texture":"#0"},"east":{"uv":[6,13,7,16],"texture":"#0"},"south":{"uv":[5,13,6,16],"texture":"#0"},"west":{"uv":[4,13,5,16],"texture":"#0"},"up":{"uv":[6,13,5,12],"rotation":180,"texture":"#0"},"down":{"uv":[7,12,6,13],"rotation":180,"texture":"#0"}}},{"name":"Left Leg Layer","from":[8,-0.25,6.25],"to":[10.5,8.25,9.75],"rotation":{"angle":0,"axis":"x","origin":[9,0,8]},"faces":{"north":{"uv":[3,13,4,16],"texture":"#0"},"east":{"uv":[2,13,3,16],"texture":"#0"},"south":{"uv":[1,13,2,16],"texture":"#0"},"west":{"uv":[0,13,1,16],"texture":"#0"},"up":{"uv":[2,13,1,12],"rotation":180,"texture":"#0"},"down":{"uv":[3,12,2,13],"rotation":180,"texture":"#0"}}}]}